Workbook

Sheet Parts 
A1: Parts No | B1: Part Category | C1: Descrition | D1: Unit Of Measure | E1: Unit Rate | F1: Opening Stock | G1: MinStock
A2: 1001 | B2: =IF(A2<=1200, "Raw Material", "Finished Part") -> Raw Material | C2: =IF(B2="Raw Material", "Industrial Raw Material Grade-" & A2, "Precision Component Model-" & A2) -> Industrial Raw Material Grade-1001 | D2: =IF(B2="Raw Material", "Kg", "Pieces") -> Kg | E2: =RANDBETWEEN(50, 450) -> 195 | F2: =RANDBETWEEN(300, 1500) -> 918 | G2: =RANDBETWEEN(20, 150) -> 34
A3: 1002 | B3: =IF(A3<=1200, "Raw Material", "Finished Part") -> Raw Material | C3: =IF(B3="Raw Material", "Industrial Raw Material Grade-" & A3, "Precision Component Model-" & A3) -> Industrial Raw Material Grade-1002 | D3: =IF(B3="Raw Material", "Kg", "Pieces") -> Kg | E3: =RANDBETWEEN(50, 450) -> 269 | F3: =RANDBETWEEN(300, 1500) -> 1028 | G3: =RANDBETWEEN(20, 150) -> 137
A4: 1003 | B4: =IF(A4<=1200, "Raw Material", "Finished Part") -> Raw Material | C4: =IF(B4="Raw Material", "Industrial Raw Material Grade-" & A4, "Precision Component Model-" & A4) -> Industrial Raw Material Grade-1003 | D4: =IF(B4="Raw Material", "Kg", "Pieces") -> Kg | E4: =RANDBETWEEN(50, 450) -> 117 | F4: =RANDBETWEEN(300, 1500) -> 776 | G4: =RANDBETWEEN(20, 150) -> 44
A5: 1004 | B5: =IF(A5<=1200, "Raw Material", "Finished Part") -> Raw Material | C5: =IF(B5="Raw Material", "Industrial Raw Material Grade-" & A5, "Precision Component Model-" & A5) -> Industrial Raw Material Grade-1004 | D5: =IF(B5="Raw Material", "Kg", "Pieces") -> Kg | E5: =RANDBETWEEN(50, 450) -> 290 | F5: =RANDBETWEEN(300, 1500) -> 636 | G5: =RANDBETWEEN(20, 150) -> 111
A6: 1005 | B6: =IF(A6<=1200, "Raw Material", "Finished Part") -> Raw Material | C6: =IF(B6="Raw Material", "Industrial Raw Material Grade-" & A6, "Precision Component Model-" & A6) -> Industrial Raw Material Grade-1005 | D6: =IF(B6="Raw Material", "Kg", "Pieces") -> Kg | E6: =RANDBETWEEN(50, 450) -> 407 | F6: =RANDBETWEEN(300, 1500) -> 1338 | G6: =RANDBETWEEN(20, 150) -> 40
A7: 1006 | B7: =IF(A7<=1200, "Raw Material", "Finished Part") -> Raw Material | C7: =IF(B7="Raw Material", "Industrial Raw Material Grade-" & A7, "Precision Component Model-" & A7) -> Industrial Raw Material Grade-1006 | D7: =IF(B7="Raw Material", "Kg", "Pieces") -> Kg | E7: =RANDBETWEEN(50, 450) -> 127 | F7: =RANDBETWEEN(300, 1500) -> 606 | G7: =RANDBETWEEN(20, 150) -> 54
A8: 1007 | B8: =IF(A8<=1200, "Raw Material", "Finished Part") -> Raw Material | C8: =IF(B8="Raw Material", "Industrial Raw Material Grade-" & A8, "Precision Component Model-" & A8) -> Industrial Raw Material Grade-1007 | D8: =IF(B8="Raw Material", "Kg", "Pieces") -> Kg | E8: =RANDBETWEEN(50, 450) -> 306 | F8: =RANDBETWEEN(300, 1500) -> 1190 | G8: =RANDBETWEEN(20, 150) -> 69
A9: 1008 | B9: =IF(A9<=1200, "Raw Material", "Finished Part") -> Raw Material | C9: =IF(B9="Raw Material", "Industrial Raw Material Grade-" & A9, "Precision Component Model-" & A9) -> Industrial Raw Material Grade-1008 | D9: =IF(B9="Raw Material", "Kg", "Pieces") -> Kg | E9: =RANDBETWEEN(50, 450) -> 232 | F9: =RANDBETWEEN(300, 1500) -> 453 | G9: =RANDBETWEEN(20, 150) -> 129
A10: 1009 | B10: =IF(A10<=1200, "Raw Material", "Finished Part") -> Raw Material | C10: =IF(B10="Raw Material", "Industrial Raw Material Grade-" & A10, "Precision Component Model-" & A10) -> Industrial Raw Material Grade-1009 | D10: =IF(B10="Raw Material", "Kg", "Pieces") -> Kg | E10: =RANDBETWEEN(50, 450) -> 355 | F10: =RANDBETWEEN(300, 1500) -> 531 | G10: =RANDBETWEEN(20, 150) -> 145
A11: 1010 | B11: =IF(A12<=1200, "Raw Material", "Finished Part") -> Raw Material | C11: =IF(B11="Raw Material", "Industrial Raw Material Grade-" & A11, "Precision Component Model-" & A11) -> Industrial Raw Material Grade-1010 | D11: =IF(B11="Raw Material", "Kg", "Pieces") -> Kg | E11: =RANDBETWEEN(50, 450) -> 187 | F11: =RANDBETWEEN(300, 1500) -> 1060 | G11: =RANDBETWEEN(20, 150) -> 67
A12: 1011 | B12: Raw Material | C12: =IF(B12="Raw Material", "Industrial Raw Material Grade-" & A12, "Precision Component Model-" & A12) -> Industrial Raw Material Grade-1011 | D12: =IF(B12="Raw Material", "Kg", "Pieces") -> Kg | E12: =RANDBETWEEN(50, 450) -> 177 | F12: =RANDBETWEEN(300, 1500) -> 1125 | G12: =RANDBETWEEN(20, 150) -> 93
A13: 1012 | B13: =IF(A13<=1200, "Raw Material", "Finished Part") -> Raw Material | C13: =IF(B13="Raw Material", "Industrial Raw Material Grade-" & A13, "Precision Component Model-" & A13) -> Industrial Raw Material Grade-1012 | D13: =IF(B13="Raw Material", "Kg", "Pieces") -> Kg | E13: =RANDBETWEEN(50, 450) -> 180 | F13: =RANDBETWEEN(300, 1500) -> 1297 | G13: =RANDBETWEEN(20, 150) -> 24
A14: 1013 | B14: =IF(A14<=1200, "Raw Material", "Finished Part") -> Raw Material | C14: =IF(B14="Raw Material", "Industrial Raw Material Grade-" & A14, "Precision Component Model-" & A14) -> Industrial Raw Material Grade-1013 | D14: =IF(B14="Raw Material", "Kg", "Pieces") -> Kg | E14: =RANDBETWEEN(50, 450) -> 419 | F14: =RANDBETWEEN(300, 1500) -> 705 | G14: =RANDBETWEEN(20, 150) -> 75
A15: 1014 | B15: =IF(A15<=1200, "Raw Material", "Finished Part") -> Raw Material | C15: =IF(B15="Raw Material", "Industrial Raw Material Grade-" & A15, "Precision Component Model-" & A15) -> Industrial Raw Material Grade-1014 | D15: =IF(B15="Raw Material", "Kg", "Pieces") -> Kg | E15: =RANDBETWEEN(50, 450) -> 225 | F15: =RANDBETWEEN(300, 1500) -> 1180 | G15: =RANDBETWEEN(20, 150) -> 95
A16: 1015 | B16: =IF(A16<=1200, "Raw Material", "Finished Part") -> Raw Material | C16: =IF(B16="Raw Material", "Industrial Raw Material Grade-" & A16, "Precision Component Model-" & A16) -> Industrial Raw Material Grade-1015 | D16: =IF(B16="Raw Material", "Kg", "Pieces") -> Kg | E16: =RANDBETWEEN(50, 450) -> 284 | F16: =RANDBETWEEN(300, 1500) -> 681 | G16: =RANDBETWEEN(20, 150) -> 117
A17: 1016 | B17: =IF(A17<=1200, "Raw Material", "Finished Part") -> Raw Material | C17: =IF(B17="Raw Material", "Industrial Raw Material Grade-" & A17, "Precision Component Model-" & A17) -> Industrial Raw Material Grade-1016 | D17: =IF(B17="Raw Material", "Kg", "Pieces") -> Kg | E17: =RANDBETWEEN(50, 450) -> 271 | F17: =RANDBETWEEN(300, 1500) -> 1295 | G17: =RANDBETWEEN(20, 150) -> 28
A18: 1017 | B18: =IF(A18<=1200, "Raw Material", "Finished Part") -> Raw Material | C18: =IF(B18="Raw Material", "Industrial Raw Material Grade-" & A18, "Precision Component Model-" & A18) -> Industrial Raw Material Grade-1017 | D18: =IF(B18="Raw Material", "Kg", "Pieces") -> Kg | E18: =RANDBETWEEN(50, 450) -> 256 | F18: =RANDBETWEEN(300, 1500) -> 905 | G18: =RANDBETWEEN(20, 150) -> 108
A19: 1018 | B19: =IF(A19<=1200, "Raw Material", "Finished Part") -> Raw Material | C19: =IF(B19="Raw Material", "Industrial Raw Material Grade-" & A19, "Precision Component Model-" & A19) -> Industrial Raw Material Grade-1018 | D19: =IF(B19="Raw Material", "Kg", "Pieces") -> Kg | E19: =RANDBETWEEN(50, 450) -> 165 | F19: =RANDBETWEEN(300, 1500) -> 689 | G19: =RANDBETWEEN(20, 150) -> 112
A20: 1019 | B20: =IF(A20<=1200, "Raw Material", "Finished Part") -> Raw Material | C20: =IF(B20="Raw Material", "Industrial Raw Material Grade-" & A20, "Precision Component Model-" & A20) -> Industrial Raw Material Grade-1019 | D20: =IF(B20="Raw Material", "Kg", "Pieces") -> Kg | E20: =RANDBETWEEN(50, 450) -> 223 | F20: =RANDBETWEEN(300, 1500) -> 661 | G20: =RANDBETWEEN(20, 150) -> 142
A21: 1020 | B21: =IF(A21<=1200, "Raw Material", "Finished Part") -> Raw Material | C21: =IF(B21="Raw Material", "Industrial Raw Material Grade-" & A21, "Precision Component Model-" & A21) -> Industrial Raw Material Grade-1020 | D21: =IF(B21="Raw Material", "Kg", "Pieces") -> Kg | E21: =RANDBETWEEN(50, 450) -> 259 | F21: =RANDBETWEEN(300, 1500) -> 324 | G21: =RANDBETWEEN(20, 150) -> 43
A22: 1021 | B22: =IF(A22<=1200, "Raw Material", "Finished Part") -> Raw Material | C22: =IF(B22="Raw Material", "Industrial Raw Material Grade-" & A22, "Precision Component Model-" & A22) -> Industrial Raw Material Grade-1021 | D22: =IF(B22="Raw Material", "Kg", "Pieces") -> Kg | E22: =RANDBETWEEN(50, 450) -> 281 | F22: =RANDBETWEEN(300, 1500) -> 524 | G22: =RANDBETWEEN(20, 150) -> 42
A23: 1022 | B23: =IF(A23<=1200, "Raw Material", "Finished Part") -> Raw Material | C23: =IF(B23="Raw Material", "Industrial Raw Material Grade-" & A23, "Precision Component Model-" & A23) -> Industrial Raw Material Grade-1022 | D23: =IF(B23="Raw Material", "Kg", "Pieces") -> Kg | E23: =RANDBETWEEN(50, 450) -> 161 | F23: =RANDBETWEEN(300, 1500) -> 1409 | G23: =RANDBETWEEN(20, 150) -> 79
A24: 1023 | B24: =IF(A24<=1200, "Raw Material", "Finished Part") -> Raw Material | C24: =IF(B24="Raw Material", "Industrial Raw Material Grade-" & A24, "Precision Component Model-" & A24) -> Industrial Raw Material Grade-1023 | D24: =IF(B24="Raw Material", "Kg", "Pieces") -> Kg | E24: =RANDBETWEEN(50, 450) -> 224 | F24: =RANDBETWEEN(300, 1500) -> 463 | G24: =RANDBETWEEN(20, 150) -> 56
... A150: 1149 | B150: =IF(A150<=1200, "Raw Material", "Finished Part") -> Raw Material | C150: =IF(B150="Raw Material", "Industrial Raw Material Grade-" & A150, "Precision Component Model-" & A150) -> Industrial Raw Material Grade-1149 | D150: =IF(B150="Raw Material", "Kg", "Pieces") -> Kg | E150: =RANDBETWEEN(50, 450) -> 351 | F150: =RANDBETWEEN(300, 1500) -> 660 | G150: =RANDBETWEEN(20, 150) -> 131

Sheet Vendors 
A1: Vendor Code | B1: Vendor Name | C1: Address | D1: Payment terms
A2: V-901 | B2: "Supplier Corporation Ltd -" & A2 | C2: ="Industrial Area Zone " & RANDBETWEEN(1,10) & ", Mumbai" -> Industrial Area Zone 9, Mumbai | D2: =CHOOSE(RANDBETWEEN(1,3), "Net 30 Days", "Net 60 Days", "Advance Payments") -> Net 30 Days
A3: V-902 | B3: "Supplier Corporation Ltd -" & A3 | C3: ="Industrial Area Zone " & RANDBETWEEN(1,10) & ", Mumbai" -> Industrial Area Zone 3, Mumbai | D3: =CHOOSE(RANDBETWEEN(1,3), "Net 30 Days", "Net 60 Days", "Advance Payments") -> Advance Payments
A4: V-903 | B4: "Supplier Corporation Ltd -" & A4 | C4: ="Industrial Area Zone " & RANDBETWEEN(1,10) & ", Mumbai" -> Industrial Area Zone 1, Mumbai | D4: =CHOOSE(RANDBETWEEN(1,3), "Net 30 Days", "Net 60 Days", "Advance Payments") -> Net 30 Days
A5: V-904 | B5: "Supplier Corporation Ltd -" & A5 | C5: ="Industrial Area Zone " & RANDBETWEEN(1,10) & ", Mumbai" -> Industrial Area Zone 5, Mumbai | D5: =CHOOSE(RANDBETWEEN(1,3), "Net 30 Days", "Net 60 Days", "Advance Payments") -> Advance Payments
A6: V-905 | B6: "Supplier Corporation Ltd -" & A6 | C6: ="Industrial Area Zone " & RANDBETWEEN(1,10) & ", Mumbai" -> Industrial Area Zone 6, Mumbai | D6: =CHOOSE(RANDBETWEEN(1,3), "Net 30 Days", "Net 60 Days", "Advance Payments") -> Advance Payments
A7: V-906 | B7: "Supplier Corporation Ltd -" & A7 | C7: ="Industrial Area Zone " & RANDBETWEEN(1,10) & ", Mumbai" -> Industrial Area Zone 6, Mumbai | D7: =CHOOSE(RANDBETWEEN(1,3), "Net 30 Days", "Net 60 Days", "Advance Payments") -> Net 60 Days
A8: V-907 | B8: "Supplier Corporation Ltd -" & A8 | C8: ="Industrial Area Zone " & RANDBETWEEN(1,10) & ", Mumbai" -> Industrial Area Zone 10, Mumbai | D8: =CHOOSE(RANDBETWEEN(1,3), "Net 30 Days", "Net 60 Days", "Advance Payments") -> Net 60 Days
A9: V-908 | B9: "Supplier Corporation Ltd -" & A9 | C9: ="Industrial Area Zone " & RANDBETWEEN(1,10) & ", Mumbai" -> Industrial Area Zone 7, Mumbai | D9: =CHOOSE(RANDBETWEEN(1,3), "Net 30 Days", "Net 60 Days", "Advance Payments") -> Advance Payments
A10: V-909 | B10: "Supplier Corporation Ltd -" & A10 | C10: ="Industrial Area Zone " & RANDBETWEEN(1,10) & ", Mumbai" -> Industrial Area Zone 2, Mumbai | D10: =CHOOSE(RANDBETWEEN(1,3), "Net 30 Days", "Net 60 Days", "Advance Payments") -> Advance Payments
A11: V-910 | B11: "Supplier Corporation Ltd -" & A11 | C11: ="Industrial Area Zone " & RANDBETWEEN(1,10) & ", Mumbai" -> Industrial Area Zone 1, Mumbai | D11: =CHOOSE(RANDBETWEEN(1,3), "Net 30 Days", "Net 60 Days", "Advance Payments") -> Net 60 Days
A12: V-911 | B12: "Supplier Corporation Ltd -" & A12 | C12: ="Industrial Area Zone " & RANDBETWEEN(1,10) & ", Mumbai" -> Industrial Area Zone 1, Mumbai | D12: =CHOOSE(RANDBETWEEN(1,3), "Net 30 Days", "Net 60 Days", "Advance Payments") -> Net 60 Days
A13: V-912 | B13: "Supplier Corporation Ltd -" & A13 | C13: ="Industrial Area Zone " & RANDBETWEEN(1,10) & ", Mumbai" -> Industrial Area Zone 1, Mumbai | D13: =CHOOSE(RANDBETWEEN(1,3), "Net 30 Days", "Net 60 Days", "Advance Payments") -> Advance Payments
... A150: V-1049 | B150: "Supplier Corporation Ltd -" & A150 | C150: ="Industrial Area Zone " & RANDBETWEEN(1,10) & ", Mumbai" -> Industrial Area Zone 4, Mumbai | D150: =CHOOSE(RANDBETWEEN(1,3), "Net 30 Days", "Net 60 Days", "Advance Payments") -> Net 30 Days

Sheet Transporters 
A1: TransporterID | B1: TransporterName
A2: T-01 | B2: Tata Logistics
A3: T-02 | B3: Blue Dart India
A4: T-03 | B4: DHL Express
A5: T-04 | B5: Gati Transport
A6: T-05 | B6: FedEx Supply Chain

Sheet Purchase Orders 
A1: PONumber | B1: VendorCode | C1: PartNo | D1: OrderQuantity | E1: PODate
A2: PO-801 | B2: ="V-" & RANDBETWEEN(901,950) -> V-931 | C2: =RANDBETWEEN(1001,1275) -> 1045 | D2: =RANDBETWEEN(100,1000) -> 718 | E2: ="2026-06-" & TEXT(RANDBETWEEN(1,15),"00") -> 2026-06-08
A3: PO-802 | B3: ="V-" & RANDBETWEEN(901,950) -> V-919 | C3: =RANDBETWEEN(1001,1275) -> 1203 | D3: =RANDBETWEEN(100,1000) -> 451 | E3: ="2026-06-" & TEXT(RANDBETWEEN(1,15),"00") -> 2026-06-04
A4: PO-803 | B4: ="V-" & RANDBETWEEN(901,950) -> V-942 | C4: =RANDBETWEEN(1001,1275) -> 1105 | D4: =RANDBETWEEN(100,1000) -> 566 | E4: ="2026-06-" & TEXT(RANDBETWEEN(1,15),"00") -> 2026-06-05
A5: PO-804 | B5: ="V-" & RANDBETWEEN(901,950) -> V-930 | C5: =RANDBETWEEN(1001,1275) -> 1190 | D5: =RANDBETWEEN(100,1000) -> 853 | E5: ="2026-06-" & TEXT(RANDBETWEEN(1,15),"00") -> 2026-06-04
A6: PO-805 | B6: ="V-" & RANDBETWEEN(901,950) -> V-909 | C6: =RANDBETWEEN(1001,1275) -> 1033 | D6: =RANDBETWEEN(100,1000) -> 583 | E6: ="2026-06-" & TEXT(RANDBETWEEN(1,15),"00") -> 2026-06-03
A7: PO-806 | B7: ="V-" & RANDBETWEEN(901,950) -> V-908 | C7: =RANDBETWEEN(1001,1275) -> 1047 | D7: =RANDBETWEEN(100,1000) -> 696 | E7: ="2026-06-" & TEXT(RANDBETWEEN(1,15),"00") -> 2026-06-02
A8: PO-807 | B8: ="V-" & RANDBETWEEN(901,950) -> V-936 | C8: =RANDBETWEEN(1001,1275) -> 1212 | D8: =RANDBETWEEN(100,1000) -> 674 | E8: ="2026-06-" & TEXT(RANDBETWEEN(1,15),"00") -> 2026-06-08
A9: PO-808 | B9: ="V-" & RANDBETWEEN(901,950) -> V-943 | C9: =RANDBETWEEN(1001,1275) -> 1164 | D9: =RANDBETWEEN(100,1000) -> 669 | E9: ="2026-06-" & TEXT(RANDBETWEEN(1,15),"00") -> 2026-06-13
A10: PO-809 | B10: ="V-" & RANDBETWEEN(901,950) -> V-938 | C10: =RANDBETWEEN(1001,1275) -> 1231 | D10: =RANDBETWEEN(100,1000) -> 169 | E10: ="2026-06-" & TEXT(RANDBETWEEN(1,15),"00") -> 2026-06-12
A11: PO-810 | B11: ="V-" & RANDBETWEEN(901,950) -> V-927 | C11: =RANDBETWEEN(1001,1275) -> 1115 | D11: =RANDBETWEEN(100,1000) -> 285 | E11: ="2026-06-" & TEXT(RANDBETWEEN(1,15),"00") -> 2026-06-10
A12: PO-811 | B12: ="V-" & RANDBETWEEN(901,950) -> V-915 | C12: =RANDBETWEEN(1001,1275) -> 1059 | D12: =RANDBETWEEN(100,1000) -> 541 | E12: ="2026-06-" & TEXT(RANDBETWEEN(1,15),"00") -> 2026-06-06
A13: PO-812 | B13: ="V-" & RANDBETWEEN(901,950) -> V-943 | C13: =RANDBETWEEN(1001,1275) -> 1201 | D13: =RANDBETWEEN(100,1000) -> 613 | E13: ="2026-06-" & TEXT(RANDBETWEEN(1,15),"00") -> 2026-06-01
... A150: PO-949 | B150: ="V-" & RANDBETWEEN(901,950) -> V-926 | C150: =RANDBETWEEN(1001,1275) -> 1135 | D150: =RANDBETWEEN(100,1000) -> 174 | E150: ="2026-06-" & TEXT(RANDBETWEEN(1,15),"00") -> 2026-06-02

Sheet Good Recepients
A1: GRRNo | B1: ChallanDate | C1: PONumber | D1: TransporterID | E1: PartNo | F1: ChallanQty | G1: AcceptedQty | H1: RejectedQty | I1: Remarks
A2: GRR-2001 | B2: ="2026-06-" & RANDBETWEEN(16,25) -> 2026-06-19 | C2: ="PO-" & (ROW()+799) -> PO-801 | D2: ="T-0" & RANDBETWEEN(1,5) -> T-03 | E2: ='Purchase Orders '!C2 -> 1045 | F2: ='Purchase Orders '!D2 -> 718 | G2: =ROUND(F2 * RANDBETWEEN(95,100)/100, 0) -> 718 | H2: =F2-G2 -> 0 | I2: =IF(H2=0, "All items passed inspection", H2 & " units rejected due to transit damage") -> All items passed inspection
A3: GRR-2002 | B3: ="2026-06-" & RANDBETWEEN(16,25) -> 2026-06-19 | C3: ="PO-" & (ROW()+799) -> PO-802 | D3: ="T-0" & RANDBETWEEN(1,5) -> T-02 | E3: ='Purchase Orders '!C3 -> 1203 | F3: ='Purchase Orders '!D3 -> 451 | G3: =ROUND(F3 * RANDBETWEEN(95,100)/100, 0) -> 446 | H3: =F3-G3 -> 5 | I3: =IF(H3=0, "All items passed inspection", H3 & " units rejected due to transit damage") -> 5 units rejected due to transit damage
A4: GRR-2003 | B4: ="2026-06-" & RANDBETWEEN(16,25) -> 2026-06-25 | C4: ="PO-" & (ROW()+799) -> PO-803 | D4: ="T-0" & RANDBETWEEN(1,5) -> T-05 | E4: ='Purchase Orders '!C4 -> 1105 | F4: ='Purchase Orders '!D4 -> 566 | G4: =ROUND(F4 * RANDBETWEEN(95,100)/100, 0) -> 549 | H4: =F4-G4 -> 17 | I4: =IF(H4=0, "All items passed inspection", H4 & " units rejected due to transit damage") -> 17 units rejected due to transit damage
A5: GRR-2004 | B5: ="2026-06-" & RANDBETWEEN(16,25) -> 2026-06-23 | C5: ="PO-" & (ROW()+799) -> PO-804 | D5: ="T-0" & RANDBETWEEN(1,5) -> T-03 | E5: ='Purchase Orders '!C5 -> 1190 | F5: ='Purchase Orders '!D5 -> 853 | G5: =ROUND(F5 * RANDBETWEEN(95,100)/100, 0) -> 844 | H5: =F5-G5 -> 9 | I5: =IF(H5=0, "All items passed inspection", H5 & " units rejected due to transit damage") -> 9 units rejected due to transit damage
A6: GRR-2005 | B6: ="2026-06-" & RANDBETWEEN(16,25) -> 2026-06-18 | C6: ="PO-" & (ROW()+799) -> PO-805 | D6: ="T-0" & RANDBETWEEN(1,5) -> T-01 | E6: ='Purchase Orders '!C6 -> 1033 | F6: ='Purchase Orders '!D6 -> 583 | G6: =ROUND(F6 * RANDBETWEEN(95,100)/100, 0) -> 566 | H6: =F6-G6 -> 17 | I6: =IF(H6=0, "All items passed inspection", H6 & " units rejected due to transit damage") -> 17 units rejected due to transit damage
A7: GRR-2006 | B7: ="2026-06-" & RANDBETWEEN(16,25) -> 2026-06-22 | C7: ="PO-" & (ROW()+799) -> PO-806 | D7: ="T-0" & RANDBETWEEN(1,5) -> T-05 | E7: ='Purchase Orders '!C7 -> 1047 | F7: ='Purchase Orders '!D7 -> 696 | G7: =ROUND(F7 * RANDBETWEEN(95,100)/100, 0) -> 675 | H7: =F7-G7 -> 21 | I7: =IF(H7=0, "All items passed inspection", H7 & " units rejected due to transit damage") -> 21 units rejected due to transit damage
A8: GRR-2007 | B8: ="2026-06-" & RANDBETWEEN(16,25) -> 2026-06-25 | C8: ="PO-" & (ROW()+799) -> PO-807 | D8: ="T-0" & RANDBETWEEN(1,5) -> T-02 | E8: ='Purchase Orders '!C8 -> 1212 | F8: ='Purchase Orders '!D8 -> 674 | G8: =ROUND(F8 * RANDBETWEEN(95,100)/100, 0) -> 674 | H8: =F8-G8 -> 0 | I8: =IF(H8=0, "All items passed inspection", H8 & " units rejected due to transit damage") -> All items passed inspection
A9: GRR-2008 | B9: ="2026-06-" & RANDBETWEEN(16,25) -> 2026-06-17 | C9: ="PO-" & (ROW()+799) -> PO-808 | D9: ="T-0" & RANDBETWEEN(1,5) -> T-04 | E9: ='Purchase Orders '!C9 -> 1164 | F9: ='Purchase Orders '!D9 -> 669 | G9: =ROUND(F9 * RANDBETWEEN(95,100)/100, 0) -> 636 | H9: =F9-G9 -> 33 | I9: =IF(H9=0, "All items passed inspection", H9 & " units rejected due to transit damage") -> 33 units rejected due to transit damage
A10: GRR-2009 | B10: ="2026-06-" & RANDBETWEEN(16,25) -> 2026-06-23 | C10: ="PO-" & (ROW()+799) -> PO-809 | D10: ="T-0" & RANDBETWEEN(1,5) -> T-01 | E10: ='Purchase Orders '!C10 -> 1231 | F10: ='Purchase Orders '!D10 -> 169 | G10: =ROUND(F10 * RANDBETWEEN(95,100)/100, 0) -> 162 | H10: =F10-G10 -> 7 | I10: =IF(H10=0, "All items passed inspection", H10 & " units rejected due to transit damage") -> 7 units rejected due to transit damage
A11: GRR-2010 | B11: ="2026-06-" & RANDBETWEEN(16,25) -> 2026-06-20 | C11: ="PO-" & (ROW()+799) -> PO-810 | D11: ="T-0" & RANDBETWEEN(1,5) -> T-04 | E11: ='Purchase Orders '!C11 -> 1115 | F11: ='Purchase Orders '!D11 -> 285 | G11: =ROUND(F11 * RANDBETWEEN(95,100)/100, 0) -> 279 | H11: =F11-G11 -> 6 | I11: =IF(H11=0, "All items passed inspection", H11 & " units rejected due to transit damage") -> 6 units rejected due to transit damage
A12: GRR-2011 | B12: ="2026-06-" & RANDBETWEEN(16,25) -> 2026-06-22 | C12: ="PO-" & (ROW()+799) -> PO-811 | D12: ="T-0" & RANDBETWEEN(1,5) -> T-03 | E12: ='Purchase Orders '!C12 -> 1059 | F12: ='Purchase Orders '!D12 -> 541 | G12: =ROUND(F12 * RANDBETWEEN(95,100)/100, 0) -> 519 | H12: =F12-G12 -> 22 | I12: =IF(H12=0, "All items passed inspection", H12 & " units rejected due to transit damage") -> 22 units rejected due to transit damage
A13: GRR-2012 | B13: ="2026-06-" & RANDBETWEEN(16,25) -> 2026-06-25 | C13: ="PO-" & (ROW()+799) -> PO-812 | D13: ="T-0" & RANDBETWEEN(1,5) -> T-03 | E13: ='Purchase Orders '!C13 -> 1201 | F13: ='Purchase Orders '!D13 -> 613 | G13: =ROUND(F13 * RANDBETWEEN(95,100)/100, 0) -> 601 | H13: =F13-G13 -> 12 | I13: =IF(H13=0, "All items passed inspection", H13 & " units rejected due to transit damage") -> 12 units rejected due to transit damage
... A150: GRR-2149 | B150: ="2026-06-" & RANDBETWEEN(16,25) -> 2026-06-23 | C150: ="PO-" & (ROW()+799) -> PO-949 | D150: ="T-0" & RANDBETWEEN(1,5) -> T-01 | E150: ='Purchase Orders '!C150 -> 1135 | F150: ='Purchase Orders '!D150 -> 174 | G150: =ROUND(F150 * RANDBETWEEN(95,100)/100, 0) -> 171 | H150: =F150-G150 -> 3 | I150: =IF(H150=0, "All items passed inspection", H150 & " units rejected due to transit damage") -> 3 units rejected due to transit damage

Sheet Material Issuses 
A1: MIRNo | B1: IssueDate | C1: PartNo | D1: QtyIssued | E1: ProductionLine
A2: MIR-501 | B2: ="2026-06-" & RANDBETWEEN(20,30) -> 2026-06-20 | C2: =RANDBETWEEN(1001,1275) -> 1108 | D2: =RANDBETWEEN(10,80) -> 27 | E2: =CHOOSE(RANDBETWEEN(1,3), "Assembly Line A", "Fabrication Unit B", "Processing Cell C") -> Processing Cell C
A3: MIR-502 | B3: ="2026-06-" & RANDBETWEEN(20,30) -> 2026-06-27 | C3: =RANDBETWEEN(1001,1275) -> 1248 | D3: =RANDBETWEEN(10,80) -> 32 | E3: =CHOOSE(RANDBETWEEN(1,3), "Assembly Line A", "Fabrication Unit B", "Processing Cell C") -> Fabrication Unit B
A4: MIR-503 | B4: ="2026-06-" & RANDBETWEEN(20,30) -> 2026-06-26 | C4: =RANDBETWEEN(1001,1275) -> 1081 | D4: =RANDBETWEEN(10,80) -> 37 | E4: =CHOOSE(RANDBETWEEN(1,3), "Assembly Line A", "Fabrication Unit B", "Processing Cell C") -> Processing Cell C
A5: MIR-504 | B5: ="2026-06-" & RANDBETWEEN(20,30) -> 2026-06-26 | C5: =RANDBETWEEN(1001,1275) -> 1213 | D5: =RANDBETWEEN(10,80) -> 69 | E5: =CHOOSE(RANDBETWEEN(1,3), "Assembly Line A", "Fabrication Unit B", "Processing Cell C") -> Fabrication Unit B
A6: MIR-505 | B6: ="2026-06-" & RANDBETWEEN(20,30) -> 2026-06-28 | C6: =RANDBETWEEN(1001,1275) -> 1165 | D6: =RANDBETWEEN(10,80) -> 30 | E6: =CHOOSE(RANDBETWEEN(1,3), "Assembly Line A", "Fabrication Unit B", "Processing Cell C") -> Processing Cell C
A7: MIR-506 | B7: ="2026-06-" & RANDBETWEEN(20,30) -> 2026-06-22 | C7: =RANDBETWEEN(1001,1275) -> 1041 | D7: =RANDBETWEEN(10,80) -> 33 | E7: =CHOOSE(RANDBETWEEN(1,3), "Assembly Line A", "Fabrication Unit B", "Processing Cell C") -> Assembly Line A
A8: MIR-507 | B8: ="2026-06-" & RANDBETWEEN(20,30) -> 2026-06-27 | C8: =RANDBETWEEN(1001,1275) -> 1093 | D8: =RANDBETWEEN(10,80) -> 67 | E8: =CHOOSE(RANDBETWEEN(1,3), "Assembly Line A", "Fabrication Unit B", "Processing Cell C") -> Fabrication Unit B
A9: MIR-508 | B9: ="2026-06-" & RANDBETWEEN(20,30) -> 2026-06-30 | C9: =RANDBETWEEN(1001,1275) -> 1121 | D9: =RANDBETWEEN(10,80) -> 60 | E9: =CHOOSE(RANDBETWEEN(1,3), "Assembly Line A", "Fabrication Unit B", "Processing Cell C") -> Fabrication Unit B
A10: MIR-509 | B10: ="2026-06-" & RANDBETWEEN(20,30) -> 2026-06-22 | C10: =RANDBETWEEN(1001,1275) -> 1001 | D10: =RANDBETWEEN(10,80) -> 60 | E10: =CHOOSE(RANDBETWEEN(1,3), "Assembly Line A", "Fabrication Unit B", "Processing Cell C") -> Assembly Line A
A11: MIR-510 | B11: ="2026-06-" & RANDBETWEEN(20,30) -> 2026-06-20 | C11: =RANDBETWEEN(1001,1275) -> 1033 | D11: =RANDBETWEEN(10,80) -> 16 | E11: =CHOOSE(RANDBETWEEN(1,3), "Assembly Line A", "Fabrication Unit B", "Processing Cell C") -> Processing Cell C
A12: MIR-511 | B12: ="2026-06-" & RANDBETWEEN(20,30) -> 2026-06-30 | C12: =RANDBETWEEN(1001,1275) -> 1179 | D12: =RANDBETWEEN(10,80) -> 27 | E12: =CHOOSE(RANDBETWEEN(1,3), "Assembly Line A", "Fabrication Unit B", "Processing Cell C") -> Assembly Line A
A13: MIR-512 | B13: ="2026-06-" & RANDBETWEEN(20,30) -> 2026-06-26 | C13: =RANDBETWEEN(1001,1275) -> 1116 | D13: =RANDBETWEEN(10,80) -> 15 | E13: =CHOOSE(RANDBETWEEN(1,3), "Assembly Line A", "Fabrication Unit B", "Processing Cell C") -> Processing Cell C
... A150: MIR-649 | B150: ="2026-06-" & RANDBETWEEN(20,30) -> 2026-06-25 | C150: =RANDBETWEEN(1001,1275) -> 1122 | D150: =RANDBETWEEN(10,80) -> 60 | E150: =CHOOSE(RANDBETWEEN(1,3), "Assembly Line A", "Fabrication Unit B", "Processing Cell C") -> Fabrication Unit B
